Depth,SSF_mean,SSF_sd,SSF_se,LSF_mean,LSF_sd,LSF_se
30,30.88233295,9.031733079,6.386399706,1.415,0.78465961,0.554838131
50,19.30430264,5.64566508,0.62729612,0.843471774,0.4677302,0.051970022
100,8.447189094,1.155440156,0.09628668,0.510356558,0.205191389,0.017099282
150,4.898740622,0.646113724,0.058737611,0.367527039,0.141089438,0.012826313
200,3.968023566,0.590961849,0.065662428,0.487066712,0.223035137,0.024781682
330,2.850195559,0.233357587,0.023335759,0.412887886,0.133882797,0.01338828
500,1.972942141,0.215110687,0.017925891,0.322537675,0.077654372,0.006471198